,retrain_adwin,retrain_adwin_shap
0_abrupt covariate noisy01,[945],[1121]
1_abrupt covariate noisy01,[2915],[963]
2_abrupt covariate noisy01,[1507],[1187]
3_abrupt covariate noisy01,[1187],[1093]
4_abrupt covariate noisy01,[1262],[944]
5_abrupt covariate noisy01,[1399],[1095]
6_abrupt covariate noisy01,[1277],[1069]
7_abrupt covariate noisy01,[932],[1028]
8_abrupt covariate noisy01,[1507],[977]
9_abrupt covariate noisy01,[1201],[1011]
10_abrupt covariate noisy01,[1507],[1059]
11_abrupt covariate noisy01,[],[1188]
12_abrupt covariate noisy01,[1157],[990]
13_abrupt covariate noisy01,[2143],[963]
14_abrupt covariate noisy01,[1238],[1123]
15_abrupt covariate noisy01,[1299],[1095]
16_abrupt covariate noisy01,[1280],[1507]
17_abrupt covariate noisy01,[2915],[2915]
18_abrupt covariate noisy01,[955],[707]
19_abrupt covariate noisy01,[1251],[1029]
20_abrupt covariate noisy01,[1313],[1059]
21_abrupt covariate noisy01,[2868],[1252]
22_abrupt covariate noisy01,[1180],[954]
23_abrupt covariate noisy01,[1891],[1985]
24_abrupt covariate noisy01,[2019],[2915]
25_abrupt covariate noisy01,[2915],[1326]
26_abrupt covariate noisy01,[2915],[1251]
27_abrupt covariate noisy01,[1123],[1041]
28_abrupt covariate noisy01,[1062],[985]
29_abrupt covariate noisy01,[2847],[1082]
30_abrupt covariate noisy01,[1149],[1098]
31_abrupt covariate noisy01,[1141],[1047]
32_abrupt covariate noisy01,[1118],[963]
33_abrupt covariate noisy01,[1379],[946]
34_abrupt covariate noisy01,[1303],[1226]
35_abrupt covariate noisy01,[1251],[1366]
36_abrupt covariate noisy01,[1891],[1157]
37_abrupt covariate noisy01,[1046],[1109]
38_abrupt covariate noisy01,[1197],[979]
39_abrupt covariate noisy01,[1251],[964]
40_abrupt covariate noisy01,[1504],[1301]
41_abrupt covariate noisy01,[1379],[1124]
42_abrupt covariate noisy01,[2915],[1038]
43_abrupt covariate noisy01,[2915],[963]
44_abrupt covariate noisy01,[1217],[1187]
45_abrupt covariate noisy01,[2851],[1054]
46_abrupt covariate noisy01,[],[1251]
47_abrupt covariate noisy01,[2568],[1507]
48_abrupt covariate noisy01,[],[1078]
49_abrupt covariate noisy01,[1627],[1507]
