,retrain_KSWIN,retrain_KSWIN_shap
0_nodrift_noisy,[],[]
1_nodrift_noisy,[],[]
2_nodrift_noisy,[],[]
3_nodrift_noisy,[],[]
4_nodrift_noisy,[],[]
5_nodrift_noisy,[],[]
6_nodrift_noisy,[],[]
7_nodrift_noisy,[],[]
8_nodrift_noisy,[],[]
9_nodrift_noisy,[],[]
10_nodrift_noisy,[],[]
11_nodrift_noisy,[],[]
12_nodrift_noisy,[],[]
13_nodrift_noisy,[],[]
14_nodrift_noisy,[],[]
15_nodrift_noisy,[],[]
16_nodrift_noisy,[],[]
17_nodrift_noisy,[],[]
18_nodrift_noisy,[],[]
19_nodrift_noisy,[],[]
20_nodrift_noisy,[],[]
21_nodrift_noisy,[],[]
22_nodrift_noisy,[],[]
23_nodrift_noisy,[],[]
24_nodrift_noisy,[],[]
25_nodrift_noisy,[],[]
26_nodrift_noisy,[],[]
27_nodrift_noisy,[],[]
28_nodrift_noisy,[],[]
29_nodrift_noisy,[],[]
30_nodrift_noisy,[],[]
31_nodrift_noisy,[],[]
32_nodrift_noisy,[],[]
33_nodrift_noisy,[],[]
34_nodrift_noisy,[],[]
35_nodrift_noisy,[],[]
36_nodrift_noisy,[],[]
37_nodrift_noisy,[],[]
38_nodrift_noisy,[],[]
39_nodrift_noisy,[],[]
40_nodrift_noisy,[],[]
41_nodrift_noisy,[],[]
42_nodrift_noisy,[],[]
43_nodrift_noisy,[],[]
44_nodrift_noisy,[],[]
45_nodrift_noisy,[],[]
46_nodrift_noisy,[],[]
47_nodrift_noisy,[],[]
48_nodrift_noisy,[],[]
49_nodrift_noisy,[],[]
