,retrain_PH,retrain_PH_shap
0_smooth concept drift noisy05,[1619],[1955]
1_smooth concept drift noisy05,[1550],[1733]
2_smooth concept drift noisy05,[1501],[1607]
3_smooth concept drift noisy05,[1495],[1575]
4_smooth concept drift noisy05,[1475],[1594]
5_smooth concept drift noisy05,[1590],[1639]
6_smooth concept drift noisy05,[1467],[1727]
7_smooth concept drift noisy05,[1525],[1714]
8_smooth concept drift noisy05,[1502],[1801]
9_smooth concept drift noisy05,[1399],[1703]
10_smooth concept drift noisy05,[1555],[1826]
11_smooth concept drift noisy05,[1563],[1804]
12_smooth concept drift noisy05,[1577],[1897]
13_smooth concept drift noisy05,[1413],[1676]
14_smooth concept drift noisy05,[1566],[1807]
15_smooth concept drift noisy05,[1553],[1788]
16_smooth concept drift noisy05,[1576],[1670]
17_smooth concept drift noisy05,[1491],[1696]
18_smooth concept drift noisy05,[1484],[1724]
19_smooth concept drift noisy05,[1389],[1743]
20_smooth concept drift noisy05,[1465],[1596]
21_smooth concept drift noisy05,[1463],[1754]
22_smooth concept drift noisy05,[1449],[1692]
23_smooth concept drift noisy05,[1526],[1707]
24_smooth concept drift noisy05,[1556],[1719]
25_smooth concept drift noisy05,[1345],[1618]
26_smooth concept drift noisy05,[1556],[1616]
27_smooth concept drift noisy05,[1474],[1834]
28_smooth concept drift noisy05,[1535],[1726]
29_smooth concept drift noisy05,[1449],[1716]
30_smooth concept drift noisy05,[1609],[1764]
31_smooth concept drift noisy05,[1484],[1713]
32_smooth concept drift noisy05,[1517],[1743]
33_smooth concept drift noisy05,[1523],[1611]
34_smooth concept drift noisy05,[1665],[1795]
35_smooth concept drift noisy05,[1604],[1713]
36_smooth concept drift noisy05,[1414],[1479]
37_smooth concept drift noisy05,[1621],[1647]
38_smooth concept drift noisy05,[1561],[1662]
39_smooth concept drift noisy05,[1483],[1715]
40_smooth concept drift noisy05,[1549],[1657]
41_smooth concept drift noisy05,[1456],[1595]
42_smooth concept drift noisy05,[1496],[1662]
43_smooth concept drift noisy05,[1582],[1656]
44_smooth concept drift noisy05,[1551],[1828]
45_smooth concept drift noisy05,[1553],[1967]
46_smooth concept drift noisy05,[1590],[1661]
47_smooth concept drift noisy05,[1454],[1665]
48_smooth concept drift noisy05,[1412],[1618]
49_smooth concept drift noisy05,[1526],[1677]
